Nombre del Producto	Tipo de Suelo	Espesor	Resistencia	Medidas (Ancho x Largo)	Precio por m²	Clima Adecuado	Características Adicionales
Suelo cerámico Peana efecto madera beige	Cerámico	-	C1	20,5 cm x 61,5 cm	9,99 Kit	Interiores secos y moderadamente húmedos	Efecto madera, ideal para interiores.
Suelo cerámico New Soneja efecto terracota teja	Cerámico	-	C1	33,33 cm x 33,33 cm	5,95 Kit	Interiores y exteriores	Efecto terracota, adecuado para ambientes rKitsticos.
Suelo cerámico Verna efecto madera roble	Cerámico	-	C1	20,5 cm x 61,5 cm	8,19 Kit	Interiores secos y moderadamente húmedos	Efecto madera roble, aporta calidez al espacio.
Suelo cerámico Denver efecto cemento gris	Cerámico	-	C1	45 cm x 45 cm	7,95 Kit	Interiores y exteriores	Efecto cemento, estilo industrial.
Suelo cerámico New Casablanca efecto mármol blanco brillante	Cerámico	-	-	45 cm x 45 cm	9,99 Kit	Interiores secos y moderadamente húmedos	Efecto mármol, acabado brillante para mayor elegancia.
Suelo cerámico Alcazar efecto hidrKitulico beige	Cerámico	-	C2	45 cm x 45 cm	11,99 Kit	Interiores y exteriores	Efecto hidrKitulico, diseKito vintage.
Suelo cerámico Montan efecto cemento gris	Cerámico	-	C1	33,33 cm x 33,33 cm	7,01 Kit	Interiores y exteriores	Efecto cemento, fácil mantenimiento.
Suelo cerámico Rainforest efecto madera gris	Cerámico	-	C1	20 cm x 60 cm	11,99 Kit	Interiores secos y moderadamente húmedos	Efecto madera gris, moderno y versítil.
Suelo cerámico New Pizarra efecto metal negro	Cerámico	-	C1	30,3 cm x 61,3 cm	22,99 Kit	Interiores y exteriores	Efecto metal negro, estilo contemporKitneo.
Suelo cerámico Rosas efecto cemento gris	Cerámico	-	C1	33,3 cm x 33,3 cm	8,95 Kit	Interiores y exteriores	Efecto cemento, resistente y durad
Suelo vinKitlico SPC clic Zaragoza Extrem efecto madera natural NAT340 ARTENS	VinKitlico SPC clic	4 mm	-	19 cm x 131 cm	19,99 Kit	Interiores en climas húmedos	Resistente al agua, ideal para zonas húmedas.
Suelo vinKitlico SPC clic Merida Extrem efecto madera natural BG235 ARTENS	VinKitlico SPC clic	4 mm	-	19 cm x 131 cm	19,37 Kit	Interiores en climas húmedos	Resistente al agua, efecto madera natural.
Suelo vinKitlico SPC clic Berlin Extrem efecto madera natural NAT348	VinKitlico SPC clic	4 mm	-	19 cm x 131 cm	15,99 Kit	Interiores en climas húmedos	Fácil instalación, resistente al agua.
Suelo vinKitlico SPC clic Granada Extrem efecto madera gris GR130 ARTENS	VinKitlico SPC clic	4 mm	-	19 cm x 131 cm	19,99 Kit	Interiores en climas húmedos	Efecto madera gris, adecuado para zonas húmedas.
Suelo vinKitlico SPC clic Wharton efecto madera natural beige NAT340 ARTENS	VinKitlico SPC clic	4 mm	-	19 cm x 131 cm	19,99 Kit	Interiores en climas húmedos	Efecto madera natural beige, resistente al agua.
Suelo vinKitlico SPC clic Glentana Extrem efecto madera oscura NAT340 ARTENS	VinKitlico SPC clic	4 mm	-	19 cm x 131 cm	21,99 Kit	Interiores en climas húmedos	Efecto madera oscura, alta resistencia.
Suelo vinKitlico SPC clic Sibai efecto baldosa piedra blanca BL000 ARTENS	VinKitlico SPC clic	4 mm	-	31 cm x 62 cm	25,99 Kit	Interiores en climas húmedos	Efecto baldosa piedra blanca, ideal para baños y cocinas.
Suelo vinKitlico SPC clic Telmen efecto madera natural BG215 ARTENS	VinKitlico SPC clic	4 mm	-	19 cm x 131 cm	24,99 Kit	Interiores en climas húmedos	Efecto madera natural, fácil mantenimiento.
Suelo vinKitlico SPC clic Comorat Extrem efecto cemento gris CER515 ARTENS	VinKitlico SPC clic	4 mm	-	31 cm x 62 cm	25,99 Kit	Interiores en climas húmedos	Efecto cemento gris, moderno y resistente.
Suelo vinKitlico SPC clic Bahia Extrem efecto baldosa hidrKitulica BL000 ARTENS	VinKitlico SPC clic	4 mm	-	31 cm x 62 cm	25,99 Kit	Interiores en climas húmedos	Efecto baldosa hidrKitulica, diseKito decorativo.
Suelo laminado Extrem 10mm Zaragoza efecto madera natural AC5 NAT340 ARTENS	Laminado	10 mm	AC5	19,2 cm x 128,5 cm	14,99 Kit	Interiores secos y moderadamente húmedos	Antideslizante, antibacteriano y antirrayaduras.
Suelo laminado Intenso 10mm Malte efecto madera natural AC5 NAT348 ARTENS	Laminado	10 mm	AC5	19,2 cm x 128,5 cm	13,99 Kit	Interiores secos y moderadamente húmedos	Alta resistencia al desgaste, ideal para zonas de alto trKitnsito.
Suelo laminado Extrem 10mm Macassar efecto madera gris AC5 GR135 ARTENS	Laminado	10 mm	AC5	19,2 cm x 128,5 cm	14,99 Kit	Interiores secos y moderadamente húmedos	Efecto madera gris, adecuado para ambientes modernos.
Suelo laminado Extrem 10mm Espiga Casual efecto madera natural AC6 NAT340	Laminado	10 mm	AC6	19,2 cm x 128,5 cm	24,99 Kit	Interiores secos y moderadamente húmedos	DiseKito en espiga, alta resistencia para uso intensivo.
Suelo laminado Intenso 8mm Dunmor efecto madera natural AC5 NAT365 ARTENS	Laminado	8 mm	AC5	19,2 cm x 128,5 cm	12,99 Kit	Interiores secos y moderadamente húmedos	Fácil instalación, ideal para uso dom²stico intensivo.
Suelo laminado Forte 7mm Torrevieja efecto madera blanca AC4 BL005 ARTENS	Laminado	7 mm	AC4	19,2 cm x 128,5 cm	9,99 Kit	Interiores secos y moderadamente húmedos	Efecto madera blanca, aporta luminosidad a los espacios.
Suelo laminado Intenso 8mm Jerez AC5 BG225 ARTENS	Laminado	8 mm	AC5	19,2 cm x 128,5 cm	10,99 Kit	Interiores secos y moderadamente húmedos	Alta resistencia al desgaste, adecuado para zonas de alto trKitnsito.
Suelo laminado Intenso 10mm Ronda AC5 MOD048 ARTENS	Laminado	10 mm	AC5	19,2 cm x 128,5 cm	14,99 Kit	Interiores secos y moderadamente húmedos	Efecto madera natural, ideal para uso dom²stico y comercial.
Suelo laminado Forte 8mm Belgrave efecto madera natural AC4 NAT315 ARTENS	Laminado	8 mm	AC4	19,2 cm x 128,5 cm	10,99 Kit	Interiores secos y moderadamente húmedos	Efecto madera natural, fácil mantenimiento.
Suelo laminado Intenso 8mm CKitceres efecto madera natural AC5 BG215 ARTENS	Laminado	8 mm	AC5	19,2 cm x 128,5 cm	10,99 Kit	Interiores secos y moderadamente húmedos	Resistente al desgaste, ideal para hogares con alta actividad.
Parquet multicapa Monolama Select XXL roble blanco natural mate	Parquet multicapa	14 mm	No aplica	25 cm x 219 cm	57,37 Kit	Interiores secos y moderadamente húmedos	Acabado mate, instalación en clic, biselado en 4 lados.
Parquet flotante Capri de roble	Parquet flotante	14 mm	No aplica	18 cm x 220 cm	66,79 Kit	Interiores secos y moderadamente húmedos	Superficie cepillada, acabado barnizado en tono caramelo, instalación en clic.
Parquet multicapa Monolama Classic XL roble chocolate mate	Parquet multicapa	14 mm	No aplica	20 cm x 198 cm	72,52 Kit	Interiores secos y moderadamente húmedos	Acabado mate, instalación en clic, biselado en 4 lados.
Parquet multicapa Monolama Rustic XL roble antique mate	Parquet multicapa	14 mm	No aplica	20 cm x 198 cm	63,05 Kit	Interiores secos y moderadamente húmedos	Acabado mate, instalación en clic, biselado en 4 lados.
Parquet multicapa Pure roble natural mate	Parquet multicapa	14 mm	No aplica	16,2 cm x 200 cm	60,96 Kit	Interiores secos y moderadamente húmedos	Acabado mate, tratamiento de protecciKitn Proteco Natura.
Parquet multicapa Monolama Select XL roble antique mate	Parquet multicapa	14 mm	No aplica	20 cm x 198 cm	82,73 Kit	Interiores secos y moderadamente húmedos	Acabado mate, instalación en clic, biselado en 4 lados.
Parquet flotante Mikonos de roble	Parquet flotante	14 mm	No aplica	18 cm x 220 cm	56,68 Kit	Interiores secos y moderadamente húmedos	Superficie cepillada, acabado barnizado, instalación en clic.
Parquet multicapa Segno roble claro cepillado	Parquet multicapa	14 mm	No aplica	12 cm x 60 cm	95,05 Kit	Interiores secos y moderadamente húmedos	Acabado cepillado, instalación en clic, diseKito en espiga.
Parquet multicapa Monolama Rustic XL roble gris mate	Parquet multicapa	14 mm	No aplica	20 cm x 198 cm	63,05 Kit	Interiores secos y moderadamente húmedos	Acabado mate, instalación en clic, biselado en 4 lados.
Parquet multicapa Monolama Classic XL roble natural mate	Parquet multicapa	14 mm	No aplica	20 cm x 198 cm	72,52 Kit	Interiores secos y moderadamente húmedos	Acabado mate, instalación en clic, biselado en 4 lados.
Tarima de madera de pino natural 200x14 cm	Tarima maciza	21 mm	No aplica	14 cm x 200 cm	22,26 Kit	Interiores secos y moderadamente húmedos	Acabado cepillado mate, machihembrado para fácil ensamblado, madera nudosa que aporta un toque rKitstico. 
Tarima de madera de pino natural machihembradas de 2000x130x20 mm	Tarima maciza	20 mm	No aplica	13 cm x 200 cm	17,99 Kit	Interiores secos y moderadamente húmedos	Lamas machihembradas en los 4 lados, color natural, fácil instalación. 
Tarima maciza PINO PRIMERA SIN NUDOS 2,6 m²/caja 200x13x2 cm (10 lamas)	Tarima maciza	20 mm	No aplica	13 cm x 200 cm	72,73 Kit	Interiores secos y moderadamente húmedos	Madera de pino de alta calidad sin nudos, acabado crudo, uniKitn con rastrel o cola. 
Tarima maciza interior de PINO 2350x145x28 mm 3,40 m²/caja (10 lamas)	Tarima maciza	28 mm	No aplica	14,5 cm x 235 cm	60,29 Kit	Interiores secos y moderadamente húmedos	Madera de pino maciza, alta resistencia, ideal para interiores. 
Suelo de goma diseKito botones negro 1 mm 140x150 cm	Suelo de goma	1 mm	No aplica	140 cm x 150 cm	18,95 Kit	Interiores y exteriores	ComposiciKitn 100% caucho, antideslizante, fácil de cortar y limpiar. Ideal para zonas de trabajo, gimnasios, rampas de garaje, talleres, etc.
Suelo de goma diseKito estrKitas negro 1 mm 140x100 cm	Suelo de goma	1 mm	No aplica	140 cm x 100 cm	14,99 Kit	Interiores y exteriores	Superficie texturizada para evitar deslizamientos, resistente a productos quKitmicos y grasa.
Suelo de goma diseKito botones gris 1 mm 140x200 cm	Suelo de goma	1 mm	No aplica	140 cm x 200 cm	24,95 Kit	Interiores y exteriores	Fácil instalación, bajo mantenimiento, ideal para zonas de trKitnsito y Kitreas de trabajo.
Suelo de goma diseKito estrKitas negro 1 mm 140x150 cm	Suelo de goma	1 mm	No aplica	140 cm x 150 cm	18,95 Kit	Interiores y exteriores	Pavimento antideslizante y resistente, adecuado para talleres, gimnasios y rampas de garaje.
Suelo de goma diseKito botones negro 3 mm 140x150 cm	Suelo de goma	3 mm	No aplica	140 cm x 150 cm	24,50 Kit	Interiores y exteriores	Superficie antideslizante, fácil de cortar y limpiar, resistente a productos quKitmicos.
Suelo de goma diseKito estrKitas gris 1 mm 140x100 cm	Suelo de goma	1 mm	No aplica	140 cm x 100 cm	14,99 Kit	Interiores y exteriores	Ideal para zonas de trabajo, fácil mantenimiento, resistente al agua.
Suelo de goma diseKito botones negro 3 mm 140x150 cm	Suelo de goma	3 mm	No aplica	140 cm x 150 cm	24,50 Kit	Interiores y exteriores	Pavimento antideslizante, fácil de instalar, adecuado para Kitreas con alta humedad.
Suelo de goma diseKito estrKitas negro 1 mm 140x250 cm	Suelo de goma	1 mm	No aplica	140 cm x 250 cm	30,99 Kit	Interiores y exteriores	Superficie texturizada para evitar deslizamientos, resistente a productos quKitmicos y grasa.
Suelo de goma diseKito botones gris 1 mm 140x150 cm	Suelo de goma	1 mm	No aplica	140 cm x 150 cm	18,95 Kit	Interiores y exteriores	Fácil de cortar para facilitar la instalación, rKitpido de limpiar, resiste a productos quKitmicos.
Suelo de goma diseKito estrKitas negro 1 mm 140x200 cm	Suelo de goma	1 mm	No aplica	140 cm x 200 cm	24,95 Kit	Interiores y exteriores	Pavimento antideslizante y resistente, ideal para zonas de trabajo, gimnasios, rampas de garaje, talleres, etc.
Moqueta de pelo cortado Faye gris 4m de ancho	Moqueta al corte	No especificado	No aplica	4 m de ancho (largo a medida)	18,99 Kit	Interiores secos	Suavidad al tacto, ideal para dormitorios y salones. 
Moqueta punzonada Budget beige 2 m	Moqueta precortada	No especificado	No aplica	2 m de ancho (largo a medida)	4,19 Kit	Interiores secos	Fácil instalación, adecuada para uso dom²stico. 
Moqueta punzonada Fresco gris	Moqueta precortada	No especificado	No aplica	2 m de ancho (largo a medida)	5,19 Kit	Interiores secos	Ideal para eventos y exposiciones, fácil de instalar y retirar. 
Loseta de moqueta adhesiva gris 50x50 cm	Loseta de moqueta	No especificado	No aplica	50 cm x 50 cm	75,99 Kit	Interiores secos	Autoadhesiva, fácil de instalar, ideal para oficinas y Kitreas comerciales. 
Suelo porcelKitnico Stellar efecto mármol blanco 60x120 cm C1	Suelo porcelKitnico	No especificado	No aplica	60 cm x 120 cm	21,98 Kit	Interiores secos	Acabado mate, ideal para interiores, fácil mantenimiento.
Suelo/Azulejo porcelKitnico Casablanca efecto mármol gris 60x120 cm C1	Suelo porcelKitnico	No especificado	No aplica	60 cm x 120 cm	15,95 Kit	Interiores secos	Acabado brillante, resistente a la humedad, fácil limpieza.
Suelo porcelKitnico Marmi efecto mármol white 60x120 cm C1 ARTENS	Suelo porcelKitnico	No especificado	No aplica	60 cm x 120 cm	24,99 Kit	Interiores secos	Acabado brillante, alta resistencia, ideal para zonas de alto trKitnsito.
Suelo porcelKitnico Cronos efecto cemento gris 60x120 cm C1	Suelo porcelKitnico	No especificado	No aplica	60 cm x 120 cm	16,95 Kit	Interiores secos	Acabado mate, diseKito moderno, fácil instalación.
Suelo porcelKitnico Martins efecto cemento gris 60x120 cm C1 ARTENS	Suelo porcelKitnico	No especificado	No aplica	60 cm x 120 cm	21,99 Kit	Interiores secos	Acabado mate, resistente al desgaste, ideal para cocinas y baños.
Suelo/Azulejo porcelKitnico Calacatta efecto mármol blanco mate 60x120 cm	Suelo porcelKitnico	No especificado	No aplica	60 cm x 120 cm	16,99 Kit	Interiores secos	Acabado mate, fácil mantenimiento, diseKito elegante.
Suelo/Azulejo porcelKitnico Nomade efecto cemento white 120x60 cm C2	Suelo porcelKitnico	No especificado	No aplica	120 cm x 60 cm	19,99 Kit	Interiores secos	Acabado mate, alta resistencia, ideal para zonas de alto trKitnsito.
Suelo porcelKitnico Arenisca efecto cemento beige 60x120 cm C1	Suelo porcelKitnico	No especificado	No aplica	60 cm x 120 cm	19,99 Kit	Interiores secos	Acabado mate, diseKito neutro, fácil combinaciKitn con otros elementos.
Suelo porcelKitnico Arles efecto piedra arena 120x120 cm C1 GRESPANIA	Suelo porcelKitnico	No especificado	No aplica	120 cm x 120 cm	34,99 Kit	Interiores secos	Acabado mate, gran formato, ideal para espacios amplios.
Suelo porcelKitnico Cala efecto piedra blanco 100x100 cm C1	Suelo porcelKitnico	No especificado	No aplica	100 cm x 100 cm	32,99 Kit	Interiores secos	Acabado mate, diseKito contemporáneo, fácil mantenimiento.
Suelo porcelKitnico Neutral efecto cemento beige 60x120 cm C2 ROCA TILES	Suelo porcelKitnico	No especificado	No aplica	60 cm x 120 cm	34,99 Kit	Interiores secos	Acabado mate, alta calidad, resistente al desgaste.
Suelo porcelKitnico Marmi efecto mármol oro 60x120 cm C1 ARTENS	Suelo porcelKitnico	No especificado	No aplica	60 cm x 120 cm	31,99 Kit	Interiores secos	Acabado brillante, diseKito lujoso, ideal para estancias elegantes.
Azulejo/Suelo porcelKitnico Neeko efecto piedra gris 60x120 cm C1	Suelo porcelKitnico	No especificado	No aplica	60 cm x 120 cm	34,99 Kit	Interiores secos	Acabado mate, resistente a la humedad, fácil limpieza.
Suelo porcelKitnico Homestone efecto piedra pearl 100x100 cm C3	Suelo porcelKitnico	No especificado	No aplica	100 cm x 100 cm	23,99 Kit	Interiores secos	Acabado mate, diseKito natural, ideal para ambientes relajados.
Suelo porcelKitnico Terranova efecto piedra negro 60x120 cm C1 ROCA TILES	Suelo porcelKitnico	No especificado	No aplica	60 cm x 120 cm	49,99 Kit	Interiores secos	Acabado mate, alta resistencia, ideal para zonas de alto trKitnsito.
Suelo/Azulejo porcelKitnico Aran efecto mármol gris oscuro 60x120 cm C1	Suelo porcelKitnico	No especificado	No aplica	60 cm x 120 cm	31,99 Kit	Interiores secos	Acabado brillante, diseKito sofisticado, fácil mantenimiento.
Suelo porcelKitnico Porland efecto piedra blanco 120x120 cm C2	Suelo porcelKitnico	No especificado	No aplica	120 cm x 120 cm	45,99 Kit	Interiores secos	Acabado mate, gran formato, ideal para espacios amplios.
Suelo porcelKitnico Slate efecto piedra blanco 60x120 cm C3	Suelo porcelKitnico	No especificado	No aplica	60 cm x 120 cm	31,99 Kit	Interiores secos	Acabado mate, diseKito natural, resistente al desgaste.
Suelo porcelKitnico Volcano efecto piedra ash 120x120 cm C1	Suelo porcelKitnico	No especificado	No aplica	120 cm x 120 cm	41,99 Kit	Interiores secos	Acabado mate, diseKito contemporáneo, fácil mantenimiento.
Suelo/Azulejo porcelKitnico Distrito efecto metal marfil 60x120 cm C1 GRESPANIA	Suelo porcelKitnico	No especificado	No aplica	60 cm x 120 cm	43,62 Kit	Interiores secos	Acabado mate, diseKito industrial, ideal para espacios modernos.
Suelo porcelKitnico Gravel efecto cemento cream 120x120 cm C2	Suelo porcelKitnico	No especificado	No aplica	120 cm x 120 cm	39,99 Kit	Interiores secos	Acabado mate, gran formato, fácil combinaciKitn con otros elementos.
Suelo porcelKitnico Earthstone efecto mármol beige 60x120 cm C1	Suelo porcelKitnico	No especificado	No aplica	60 cm x 120 cm	21,99 Kit	Interiores secos	Acabado mate, diseKito elegante, resistente a la humedad.


Nombre del Producto	Material	Dimensiones (Ancho x Largo x Espesor)	Color	Compatibilidad con Suelo Radiante	Aislamiento Térmico	Aislamiento Acústico	Protección Antihumedad	Compensación de Irregularidades	Superficie Cubierta	Precio	Características Adicionales
Base aislante antihumedad suelo laminado DBCOVER 1x15m 2mm espesor	Espuma látex	1 m x 15 m x 2 mm	No aplica	Sí	Sí	Sí	Sí	Hasta 1,5 mm	15 m²	4,99 €/m²	Fácil de instalar, reduce ruido de impacto, adecuada para zonas húmedas, niveladora de pequeñas irregularidades.
Base aislante suelo laminado 3mm capa antihumedad 12m²	Espuma de polietileno	1,2 m x 10 m x 3 mm	No aplica	Sí	Sí	Sí	Sí	Hasta 0,5 mm	12 m²	2,05 €/m²	Apta para calefacción radiante eléctrica, protege contra la humedad, reduce el ruido de impacto, instalación sencilla.
Base aislante para suelo laminado AXTON Thermo Compensation 5mm capa antihumedad 5,5m²	Espuma de polietileno	0,47 m x 1,18 m x 5 mm	No aplica	No	Sí	Sí	Sí	Hasta 0,5 mm	5,5 m²	4,79 €/m²	Proporciona mayor confort térmico, resistente al desgaste, protege contra el ruido, adecuada para zonas de tráfico medio.
Base aislante suelo laminado Ca20+Film 2mm capa antihumedad 48m²	Polipropileno	1,2 m x 10 m x 2 mm	No aplica	Sí	Sí	Sí	Sí	Hasta 0,5 mm	48 m²	1,01 €/m²	Incluye película protectora contra la humedad, reduce ruido, niveladora de pequeños desniveles, fácil mantenimiento.
Base aislante suelo laminado AXTON Silence Corkplus 2mm capa antihumedad 10m²	Corcho	0,16 m x 1 m x 2 mm	No aplica	Sí	Sí	Sí	Sí	Hasta 1 mm	10 m²	4,99 €/m²	Hecho de materiales naturales, respetuoso con el medio ambiente, mejora la calidad acústica, reduce vibraciones.
Base aislante suelo Cork4U 1.6mm capa antihumedad 10m²	Espuma con base de corcho	1 m x 10 m x 1,6 mm	No aplica	Sí	Sí	Sí	Sí	Hasta 1 mm	10 m²	4,99 €/m²	Compatible con calefacción radiante, absorbe sonidos, protege contra la humedad, mejora la estabilidad del suelo.
Base aislante suelo laminado AXTON Silence Compensation 3mm capa antihumedad 10m²	Poliestireno	0,47 m x 1,18 m x 3 mm	No aplica	Sí	Sí	Sí	Sí	Hasta 0,5 mm	10 m²	3,19 €/m²	DiseKitada para reducir el ruido de impacto, adecuada para espacios interiores, instalación rápida y fácil.
Base aislante Thermo Cover para suelo laminado 1.8mm 15m²	Espuma de polietileno	1 m x 15 m x 1,8 mm	No aplica	Sí	Sí	Sí	Sí	Hasta 0,5 mm	15 m²	2,39 €/m²	Ligera, resistente al paso del tiempo, protege contra la humedad, mejora el confort acústico.
Base aislante Acoustic Pro 5mm para suelo laminado 5m²	Espuma de alta densidad	1 m x 5 m x 5 mm	No aplica	No	Sí	Sí	No	Hasta 1 mm	5 m²	5,99 €/m²	Maximiza la absorción acústica, ideal para suelos en zonas ruidosas, fácil instalación, resistente al uso intensivo.
Rodapié de MDF de 225x12 cm blanco ARTENS	MDF	225 cm x 12 cm x 1,4 cm	Blanco	No aplica	No aplica	No aplica	No aplica	No aplica	No aplica	12,77 Kit	Acabado satinado, incluye pasacables, instalación adhesiva, certificado PEFC. 
Rodapié de MDF de 225x7 cm roble miel ARTENS	MDF	225 cm x 7 cm x 1,4 cm	Roble miel	No aplica	No aplica	No aplica	No aplica	No aplica	No aplica	5,99 Kit	Cantos redondeados, incluye pasacables, instalación adhesiva o con clip, certificado PEFC. 
Rodapié de PVC de 240x1,2 cm blanco LC ARTENS	PVC	240 cm x 1,2 cm	Gris claro	No aplica	No aplica	No aplica	No aplica	No aplica	No aplica	7,99 Kit	Resistente a la humedad, fácil de limpiar, instalación adhesiva. 
Rodapié de poliestireno de 220x10 cm blanco STIQ XL 110 WHITE ARTENS	Poliestireno	220 cm x 10 cm	Blanco	No aplica	No aplica	No aplica	No aplica	No aplica	No aplica	9,99 Kit	Resistente a impactos y humedad, acabado blanco satinado, instalación adhesiva, puede pintarse. 
Rodapié de MDF de 240x7,8 cm marrón NAT350 ARTENS	MDF	240 cm x 7,8 cm x 1,4 cm	Blanco	No aplica	No aplica	No aplica	No aplica	No aplica	No aplica	9,99 Kit	Acabado natural, instalación adhesiva, certificado PEFC. 
Rodapié de MDF de 240x7,8 cm gris claro BG210 ARTENS	MDF	240 cm x 7,8 cm x 1,4 cm	Marrón	No aplica	No aplica	No aplica	No aplica	No aplica	No aplica	9,99 Kit	Acabado moderno, instalación adhesiva, certificado PEFC. 
Rodapié de MDF de 240x7,8 cm marrón oscuro OSC420 ARTENS	MDF	240 cm x 7,8 cm x 1,4 cm	Gris claro	No aplica	No aplica	No aplica	No aplica	No aplica	No aplica	9,99 Kit	Acabado elegante, instalación adhesiva, certificado PEFC. 
Rodapié de MDF de 240x7,8 cm beige BG220 ARTENS	MDF	240 cm x 7,8 cm x 1,4 cm	Marrón oscuro	No aplica	No aplica	No aplica	No aplica	No aplica	No aplica	9,99 Kit	Acabado suave, instalación adhesiva, certificado PEFC. 
Rodapié de MDF de 240x7,8 cm gris cemento CER510 ARTENS	MDF	240 cm x 7,8 cm x 1,4 cm	Beige	No aplica	No aplica	No aplica	No aplica	No aplica	No aplica	9,99 Kit	Acabado industrial, instalación adhesiva, certificado PEFC. 
Rodapié de MDF de 240x7,8 cm marrón claro NAT330 ARTENS	MDF	240 cm x 7,8 cm x 1,4 cm	Gris cemento	No aplica	No aplica	No aplica	No aplica	No aplica	No aplica	9,99 Kit	Acabado cálido, instalación adhesiva, certificado PEFC. 
Rodapié de MDF de 240x7,8 cm gris oscuro GR130 ARTENS	MDF	240 cm x 7,8 cm x 1,4 cm	Marrón claro	No aplica	No aplica	No aplica	No aplica	No aplica	No aplica	9,99 Kit	Acabado contemporáneo, instalación adhesiva, certificado PEFC. 
Rodapié de MDF de 240x7,8 cm blanco BL005 ARTENS	MDF	240 cm x 7,8 cm x 1,4 cm	Gris oscuro	No aplica	No aplica	No aplica	No aplica	No aplica	No aplica	9,99 Kit	Acabado clásico, instalación adhesiva, certificado PEFC. 
Rodapié de MDF de 240x7,8 cm marrón NAT365 ARTENS	MDF	240 cm x 7,8 cm x 1,4 cm	Blanco	No aplica	No aplica	No aplica	No aplica	No aplica	No aplica	9,99 Kit	Acabado natural, instalación adhesiva, certificado PEFC. 
Rodapié de MDF de 240x7,8 cm gris GR105 ARTENS	MDF	240 cm x 7,8 cm x 1,4 cm	Marrón	No aplica	No aplica	No aplica	No aplica	No aplica	No aplica	9,99 Kit	Acabado neutro, instalación adhesiva, certificado PEFC. 
Rodapié de MDF de 240x7,8 cm marrón NAT325 ARTENS	MDF	240 cm x 7,8 cm x 1,4 cm	Gris	No aplica	No aplica	No aplica	No aplica	No aplica	No aplica	9,99 Kit	Acabado rústico, instalación adhesiva, certificado PEFC. 
Rodapié de MDF de 240x7,8 cm gris claro GR110 ARTENS	MDF	240 cm x 7,8 cm x 1,4 cm	Marrón	No aplica	No aplica	No aplica	No aplica	No aplica	No aplica	9,99 Kit	Acabado suave, instalación adhesiva, certificado PEFC. 
Rodapié de MDF de 240x7,8 cm marrón NAT348 ARTENS	MDF	240 cm x 7,8 cm x 1,4 cm	Gris claro	No aplica	No aplica	No aplica	No aplica	No aplica	No aplica	9,99 Kit	Acabado natural, instalación adhesiva, certificado PEFC. 
Rodapié de MDF de 240x7,8 cm gris cemento CER515 ARTENS	MDF	240 cm x 7,8 cm x 1,4 cm	Marrón	No aplica	No aplica	No aplica	No aplica	No aplica	No aplica	9,99 Kit	Acabado industrial, instalación adhesiva, certificado PEFC. 
Mampérlan de aluminio efecto madera natural 35x25x950 mm NAT340 ARTENS	Aluminio	35 mm x 950 mm x 25 mm	Efecto madera natural	No aplica	No aplica	No aplica	No aplica	No aplica	No aplica	14,99 Kit	Protección contra desgaste, fácil instalación
Mampérlan de aluminio natural 95 cm MOD048	Aluminio	36 mm x 950 mm x 24 mm	Natural	No aplica	No aplica	No aplica	No aplica	No aplica	No aplica	15,99 Kit	Metálico para mayor durabilidad, fácil instalación
Mampérlan de aluminio antideslizante color oro de 42x21x2000 mm	Aluminio	42 mm x 2000 mm x 21 mm	Oro	No aplica	No aplica	No aplica	No aplica	No aplica	No aplica	17,49 Kit	Banda antideslizante, fabricado en España, 3 años de garantía
Mampérlan de aluminio multicolor 95 cm MOD041	Aluminio	36 mm x 950 mm x 24 mm	Multicolor	No aplica	No aplica	No aplica	No aplica	No aplica	No aplica	15,99 Kit	Acabado mate, fácil instalación, 3 años de garantía
Pack de 2 mamperlanes HDF 133,1 cm madera natural	HDF	110 mm x 1331 mm x 35 mm	Madera natural	No aplica	No aplica	No aplica	No aplica	No aplica	No aplica	89,99 Kit	Certificado PEFC, gestión forestal sostenible
Mampérlan de aluminio efecto madera natural 35x25x950 mm NAT305 ARTENS	Aluminio	35 mm x 950 mm x 25 mm	Efecto madera natural	No aplica	No aplica	No aplica	No aplica	No aplica	No aplica	14,99 Kit	Coordinado con decoración de peldaños, instalación rápida y segura
Perfil de transiciKitn BAGLINOX 166 cm	Acero	4 cm x 166 cm x 4 mm	Plata	No aplica	No aplica	No aplica	No aplica	No aplica	No aplica	11,49 Kit	"Alta resistencia a la humedad, desgaste e impactos; fácil instalación sin herramientas ni pegamentos; fabricado en España; 3 años de garantía."
Perfil de transiciKitn natural 220 cm	HDF	4,34 cm x 220 cm x 12 mm	Roble brillante	No aplica	No aplica	No aplica	No aplica	No aplica	No aplica	8,99 Kit	"Ideal para compensar pequeñas diferencias de nivel (0 a 12 mm); adecuado para parquet; fácil instalación."
Perfil de transiciKitn de aluminio ADH BAGLINOX 0,4x166 cm Roble	Acero	4 cm x 166 cm x 4 mm	Roble	No aplica	No aplica	No aplica	No aplica	No aplica	No aplica	11,49 Kit	"Fácil instalación; fabricado en España; 3 años de garantía."
Perfil de acabado transparente 240 cm	Merbau con soporte HDF	4,8 cm x 240 cm x 10 mm	Transparente	No aplica	No aplica	No aplica	No aplica	No aplica	No aplica	32,99 Kit	"Adecuado para suelos Line merbau; instalación mediante pegado."
Perfil de transiciKitn blanco 166 cm	Metal	4 cm x 166 cm x 4 mm	Blanco	No aplica	No aplica	No aplica	No aplica	No aplica	No aplica	11,49 Kit	"Alta resistencia a la humedad, desgaste e impactos; fácil instalación sin herramientas ni pegamentos; fabricado en España; 3 años de garantía."
Perfil de umbral de aluminio gris/plata 83 cm	Aluminio	3,6 cm x 83 cm x 1,4 mm	Gris/Plata	No aplica	No aplica	No aplica	No aplica	No aplica	No aplica	5,99 Kit	"Ideal para compensar pequeñas diferencias de nivel; adecuado para suelos de madera y laminados."
Perfil de transiciKitn BAGLINOX marrón 83 cm	Acero	3,6 cm x 83 cm x 4 mm	Marrón	No aplica	No aplica	No aplica	No aplica	No aplica	No aplica	7,99 Kit	"Ideal para suelos de roble cerKitmica; fácil instalación; fabricado en España; 3 años de garantía."
Perfil de acabado blanco 240 cm	Roble con soporte HDF	4,8 cm x 240 cm x 10 mm	Blanco	No aplica	No aplica	No aplica	No aplica	No aplica	No aplica	32,99 Kit	"Adecuado para suelos Basic roble blanco y Line roble blanco; instalación mediante pegado."
Perfil de transiciKitn de acero inoxidable blanco 83 cm	Acero inoxidable	3,6 cm x 83 cm x 4 mm	Blanco	No aplica	No aplica	No aplica	No aplica	No aplica	No aplica	7,99 Kit	"Ideal para compensar pequeñas diferencias de nivel; fácil instalación; alta resistencia a la humedad y desgaste."
Junquillo de PVC blanco de 240 cm de longitud	PVC	1,2 cm x 240 cm x 1,2 cm	Blanco	No aplica	No aplica	No aplica	No aplica	No aplica	No aplica	10,99 Kit	"Resistente a la humedad; compatible con suelos de imitación de madera o piedra; fácil instalación."
Junquillo de Pino 7x7 mm x 2,40 m	Madera maciza de pino	0,7 cm x 240 cm x 0,7 cm	Pino natural	No aplica	No aplica	No aplica	No aplica	No aplica	No aplica	1,99 Kit	"Acabado cepillado con cantos redondeados; certificado PEFC; adecuado para interiores."
Junquillo de Pino 14x14 mm x 2,40 m	Pino marKittimo	1,4 cm x 240 cm x 1,5 cm	Pino natural	No aplica	No aplica	No aplica	No aplica	No aplica	No aplica	2,99 Kit	"Acabado cepillado con cantos redondeados; certificado PEFC; fácil corte y mecanizado; personalizable y pintable."
Junquillo multicolor 240 cm MOD017	PVC	1,4 cm x 240 cm x 1,4 cm	Multicolor, acabado mate	No aplica	No aplica	No aplica	No aplica	No aplica	No aplica	10,99 Kit	"Resistente a la humedad; multifunciKitn; válido para todos los suelos; fácil instalación."
Junquillo barnizado 1,4x240x1,4 cm	Madera maciza sin nudos	1,4 cm x 240 cm x 1,4 cm	Barnizado	No aplica	No aplica	No aplica	No aplica	No aplica	No aplica	8,29 Kit	"Ideal para acabado decorativo en interiores; certificado PEFC; fácil instalación."
Junquillo de aluminio color blanco de 17x220 cm	Aluminio	1,7 cm x 220 cm x -	Blanco	No aplica	No aplica	No aplica	No aplica	No aplica	No aplica	14,99 Kit	"Resistente y duradero; adecuado para diversas aplicaciones; fácil instalación."
Junquillo de melamina beige de 2,43 m	Melamina	- x 243 cm x -	Beige	No aplica	No aplica	No aplica	No aplica	No aplica	No aplica	4,09 Kit	"Acabado decorativo; adecuado para interiores; fácil instalación."
Junquillo de aluminio color roble clásico de 16x11x2200 mm	Aluminio	1,6 cm x 220 cm x 1,1 cm	Roble clásico	No aplica	No aplica	No aplica	No aplica	No aplica	No aplica	15,29 Kit	"Resistente y duradero; acabado en color madera; fácil instalación."
Junquillo de aluminio color gris de 16x11x2200 mm	Aluminio	1,6 cm x 220 cm x 1,1 cm	Gris	No aplica	No aplica	No aplica	No aplica	No aplica	No aplica	15,29 Kit	"Resistente y duradero; acabado moderno; fácil instalación."
Junquillo de aluminio color oro de 16x11x2200 mm	Aluminio	1,6 cm x 220 cm x 1,1 cm	Oro	No aplica	No aplica	No aplica	No aplica	No aplica	No aplica	14,99 Kit	"Resistente y duradero; acabado elegante; fácil instalación."
Kit de colocaciKitn fabricado en PVC	PVC	"Barra: 30 cm; CuKitas: 3 cm x 2 cm x 1 cm"	No aplica	No aplica	No aplica	No aplica	No aplica	No aplica	No aplica	6,99 Kit	Kit de herramientas para la instalación de suelos laminados. Incluye cuñas y barra de tracciKitn.
Kit 60 cuñas PVC 8 mm	PVC	Cada cuña: 8 mm x 5 cm x 2 cm	No aplica	No aplica	No aplica	No aplica	No aplica	No aplica	No aplica	6,99 Kit	Pack de 60 cuñas de PVC, indicadas para instalaciones de suelo laminado o de madera.
Caja de ingletes para instalación de suelos laminados	PVC	35 cm x 15 cm x 10 cm	No aplica	No aplica	No aplica	No aplica	No aplica	No aplica	No aplica	15,99 Kit	Caja de ingletes indicada para usar en suelos laminados. Fabricada en PVC.
"Set para suelos perfectos "Colocación de rodapiés"""	Plástico y acero	"Caja de ingletar: 35 cm x 10 cm x 15 cm; Sierra: 20 cm de hoja"	No aplica	No aplica	No aplica	No aplica	No aplica	No aplica	No aplica	92,87 Kit	Kit completo compuesto por caja de ingletar y falsa escuadra, sierra japonesa y pistola de cartuchos MG 200.
Clip fijación rodapié de PVC de 4 cm	Plástico	4 cm x 2,61 cm x 1,65 cm	No aplica	No aplica	No aplica	No aplica	No aplica	No aplica	No aplica	12,99 Kit	Pack de 30 clips de fijación para rodapiés Artens fabricados en plástico de color negro. Se colocan fácilmente gracias a su adhesivo.
30 cuñas ensamblar universales WOLFCRAFT	Plástico reforzado	Cada cuña: 4 cm x 1,5 cm x 0,5 cm	No aplica	No aplica	No aplica	No aplica	No aplica	No aplica	No aplica	5,29 Kit	Pack de 30 cuñas universales para ensamblar, ideales para la instalación de suelos laminados.
"Herramienta para colocar moquetas 75 mm (3"")"	Acero forjado y cromado	75 mm de ancho x 25 cm de largo	No aplica	No aplica	No aplica	No aplica	No aplica	No aplica	No aplica	42,99 Kit	Herramienta de acero forjado y cromado, indicada para colocar moquetas por debajo de rodapiés.
CuKita de 10 mm de espesor	Madera certificada PEFC	Cada cuña: 10 mm x 5 cm x 2 cm	No aplica	No aplica	No aplica	No aplica	No aplica	No aplica	No aplica	7,49 Kit	Pack de 100 cuñas de madera para instalación de suelo. De 6 mm. Cuenta con el sello PEFC, que certifica que la madera proviene de bosques gestionados de forma sostenible y respetuosa con el medioambiente.
Ajustador de laminado WOLFCRAFT en metal de 235 mm	Metal	235 mm de largo	No aplica	No aplica	No aplica	No aplica	No aplica	No aplica	No aplica	13,79 Kit	Ajustador de laminado para conseguir una transferencia sencilla y rápida del trazado de la pared. Permite la medición de la última tabla al instalar un suelo laminado.
Limpiador de baldosas y suelos laminados BONA de 1 litro	No aplica	1 litro	No aplica	No aplica	No aplica	No aplica	No aplica	No aplica	No aplica	13,29 Kit	Limpiador especialmente diseñado para la limpieza de suelos laminados y superficies duras como suelos cerKitmicos, vinilos y mármoles. Listo para su uso, facilita la limpieza diaria en suelos muy sucios.
Limpiador potente para suelos exteriores HG de 1L	No aplica	1 litro	No aplica	No aplica	No aplica	No aplica	No aplica	No aplica	No aplica	11,99 Kit	Potente limpiador concentrado, desarrollado especialmente para limpiar baldosas de grava o de cemento sucias y opacas. No perjudicial para plantas y flores una vez diluido.
Limpiador suelo cerámico IMPACT 1L	No aplica	1 litro	No aplica	No aplica	No aplica	No aplica	No aplica	No aplica	No aplica	10,49 Kit	Abrillantador para el cuidado de suelos de pavimento cerámico con aspecto transparente.
PACK 2 Uds Limpiador de suelos QUICK STEP 2L	No aplica	2 litros	No aplica	No aplica	No aplica	No aplica	No aplica	No aplica	No aplica	27,99 Kit	VKitlido para suelos laminados y vinílicos. Limpiador biodegradable que limpia a fondo y protege la superficie, manteniéndola como nueva.
KLIN Detergente limpiador fregasuelos neutro 5L	No aplica	5 litros	No aplica	No aplica	No aplica	No aplica	No aplica	No aplica	No aplica	12,99 Kit	Limpiador neutro perfumado especial para limpieza diaria de todo tipo de suelos y superficies lavables. Indicado para suelos abrillantados o tratados con polKitmeros y ceras.
Limpiador neutro diario LEM3 5L	No aplica	5 litros	No aplica	No aplica	No aplica	No aplica	No aplica	No aplica	No aplica	42,35 Kit	Limpiador de suelos neutro concentrado de uso diario, apto para suelos de mármol, granito y cualquier piedra. Gran poder desengrasante, tambiKitn puede ser utilizado en superficies lavables como cristal.
Quitacemento Suelos Maurer 1000 ml	No aplica	1 litro	No aplica	No aplica	No aplica	No aplica	No aplica	No aplica	No aplica	9,99 Kit	Detergente ácido de alta concentraciKitn indicado para la limpieza después de la colocaciKitn de suelos, barro cocido, cemento y piedras resistentes a los ácidos. Elimina residuos calcKitreos, adhesivos y manchas de herrumbre.